Dallas Hub, components/dallas, dallas.jpg
Remote Transmitter Hub, components/remote_transmitter, remote.svg
Remote Receiver Hub, components/remote_receiver, remote.svg
PCA9685 Hub, components/pca9685, pca9685.jpg
ADS1115 Hub, components/ads1115, ads1115.jpg
Debug Component, components/debug, bug-report.svg
PCF8574 I/O Expander, components/pcf8574, pcf8574.jpg
ESP32 BLE Tracker, components/esp32_ble_tracker, bluetooth.svg
ESP32 BLE Beacon, components/esp32_ble_beacon, bluetooth.svg
ESP32 Touch Hub, components/esp32_touch, touch.svg
Status LED, components/status_led, led-on.svg
PN532, components/pn532, pn532.jpg
RDM6300, components/rdm6300, rdm6300.jpg
Time, components/time, clock-outline.svg
Stepper, components/stepper, stepper.svg
